DateTime, CaseName, Status, Mode, Number, LoadMult, NumDevices, NumBuses, NumNodes, Iterations, ControlMode, ControlIterations, MostIterationsDone, Year, Hour, MaxPuVoltage, MinPuVoltage, TotalMW, TotalMvar, MWLosses, pctLosses, MvarLosses, Frequency
"16-Jan-24 06:35:21 PM", ieee123, SOLVED, Daily, 11,    1.000, 222, 129, 129, 2, STATIC, 1, 2, 0, 11, 1.0057, 0.94674, 0.934583, 0.313697, 0.019114, 2.045, 0.0380643, 60
"16-Jan-24 06:35:27 PM", ieee123, SOLVED, Daily, 11,    1.000, 222, 129, 129, 2, STATIC, 1, 2, 0, 11, 1.0057, 0.94674, 0.934583, 0.313697, 0.019114, 2.045, 0.0380643, 60
"16-Jan-24 06:35:35 PM", ieee123, SOLVED, Daily, 11,    1.000, 222, 129, 129, 2, STATIC, 1, 2, 0, 11, 1.0057, 0.94674, 0.934583, 0.313697, 0.019114, 2.045, 0.0380643, 60
"16-Jan-24 06:35:44 PM", ieee123, SOLVED, Daily, 11,    1.000, 222, 129, 129, 2, STATIC, 1, 2, 0, 11, 1.0057, 0.94674, 0.934583, 0.313697, 0.019114, 2.045, 0.0380643, 60
"16-Jan-24 06:35:58 PM", ieee123, SOLVED, Daily, 11,    1.000, 222, 129, 129, 2, STATIC, 1, 2, 0, 11, 1.0057, 0.94674, 0.934583, 0.313697, 0.019114, 2.045, 0.0380643, 60
