DateTime, CaseName, Status, Mode, Number, LoadMult, NumDevices, NumBuses, NumNodes, Iterations, ControlMode, ControlIterations, MostIterationsDone, Year, Hour, MaxPuVoltage, MinPuVoltage, TotalMW, TotalMvar, MWLosses, pctLosses, MvarLosses, Frequency
"16-Jan-24 06:35:20 PM", ieee123, SOLVED, Daily, 7,    1.000, 222, 129, 129, 3, STATIC, 1, 3, 0, 7, 1.0106, 0.95472, 0.790696, 0.222692, 0.0136075, 1.721, 0.0270026, 60
"16-Jan-24 06:35:27 PM", ieee123, SOLVED, Daily, 7,    1.000, 222, 129, 129, 3, STATIC, 1, 3, 0, 7, 1.0106, 0.95472, 0.790696, 0.222692, 0.0136075, 1.721, 0.0270026, 60
"16-Jan-24 06:35:35 PM", ieee123, SOLVED, Daily, 7,    1.000, 222, 129, 129, 3, STATIC, 1, 3, 0, 7, 1.0106, 0.95472, 0.790696, 0.222692, 0.0136075, 1.721, 0.0270026, 60
"16-Jan-24 06:35:44 PM", ieee123, SOLVED, Daily, 7,    1.000, 222, 129, 129, 3, STATIC, 1, 3, 0, 7, 1.0106, 0.95472, 0.790696, 0.222692, 0.0136075, 1.721, 0.0270026, 60
"16-Jan-24 06:35:58 PM", ieee123, SOLVED, Daily, 7,    1.000, 222, 129, 129, 3, STATIC, 1, 3, 0, 7, 1.0106, 0.95472, 0.790696, 0.222692, 0.0136075, 1.721, 0.0270026, 60
