DateTime, CaseName, Status, Mode, Number, LoadMult, NumDevices, NumBuses, NumNodes, Iterations, ControlMode, ControlIterations, MostIterationsDone, Year, Hour, MaxPuVoltage, MinPuVoltage, TotalMW, TotalMvar, MWLosses, pctLosses, MvarLosses, Frequency
"16-Jan-24 06:35:21 PM", ieee123, SOLVED, Daily, 8,    1.000, 222, 129, 129, 3, STATIC, 1, 3, 0, 8, 1.0091, 0.95225, 0.835317, 0.250735, 0.0151926, 1.819, 0.0301861, 60
"16-Jan-24 06:35:27 PM", ieee123, SOLVED, Daily, 8,    1.000, 222, 129, 129, 3, STATIC, 1, 3, 0, 8, 1.0091, 0.95225, 0.835317, 0.250735, 0.0151926, 1.819, 0.0301861, 60
"16-Jan-24 06:35:35 PM", ieee123, SOLVED, Daily, 8,    1.000, 222, 129, 129, 3, STATIC, 1, 3, 0, 8, 1.0091, 0.95225, 0.835317, 0.250735, 0.0151926, 1.819, 0.0301861, 60
"16-Jan-24 06:35:44 PM", ieee123, SOLVED, Daily, 8,    1.000, 222, 129, 129, 3, STATIC, 1, 3, 0, 8, 1.0091, 0.95225, 0.835317, 0.250735, 0.0151926, 1.819, 0.0301861, 60
"16-Jan-24 06:35:58 PM", ieee123, SOLVED, Daily, 8,    1.000, 222, 129, 129, 3, STATIC, 1, 3, 0, 8, 1.0091, 0.95225, 0.835317, 0.250735, 0.0151926, 1.819, 0.0301861, 60
