DateTime, CaseName, Status, Mode, Number, LoadMult, NumDevices, NumBuses, NumNodes, Iterations, ControlMode, ControlIterations, MostIterationsDone, Year, Hour, MaxPuVoltage, MinPuVoltage, TotalMW, TotalMvar, MWLosses, pctLosses, MvarLosses, Frequency
"16-Jan-24 06:35:20 PM", ieee123, SOLVED, Daily, 4,    1.000, 222, 129, 129, 2, STATIC, 1, 2, 0, 4, 1.0135, 0.95934, 0.706553, 0.170247, 0.0109155, 1.545, 0.0215975, 60
"16-Jan-24 06:35:27 PM", ieee123, SOLVED, Daily, 4,    1.000, 222, 129, 129, 2, STATIC, 1, 2, 0, 4, 1.0135, 0.95934, 0.706553, 0.170247, 0.0109155, 1.545, 0.0215975, 60
"16-Jan-24 06:35:35 PM", ieee123, SOLVED, Daily, 4,    1.000, 222, 129, 129, 2, STATIC, 1, 2, 0, 4, 1.0135, 0.95934, 0.706553, 0.170247, 0.0109155, 1.545, 0.0215975, 60
"16-Jan-24 06:35:44 PM", ieee123, SOLVED, Daily, 4,    1.000, 222, 129, 129, 2, STATIC, 1, 2, 0, 4, 1.0135, 0.95934, 0.706553, 0.170247, 0.0109155, 1.545, 0.0215975, 60
"16-Jan-24 06:35:58 PM", ieee123, SOLVED, Daily, 4,    1.000, 222, 129, 129, 2, STATIC, 1, 2, 0, 4, 1.0135, 0.95934, 0.706553, 0.170247, 0.0109155, 1.545, 0.0215975, 60
