DateTime, CaseName, Status, Mode, Number, LoadMult, NumDevices, NumBuses, NumNodes, Iterations, ControlMode, ControlIterations, MostIterationsDone, Year, Hour, MaxPuVoltage, MinPuVoltage, TotalMW, TotalMvar, MWLosses, pctLosses, MvarLosses, Frequency
"16-Jan-24 06:35:21 PM", ieee123, SOLVED, Daily, 14,    1.000, 222, 129, 129, 2, STATIC, 1, 2, 0, 14, 1.0059, 0.94701, 0.929785, 0.310641, 0.0189121, 2.034, 0.0376586, 60
"16-Jan-24 06:35:27 PM", ieee123, SOLVED, Daily, 14,    1.000, 222, 129, 129, 2, STATIC, 1, 2, 0, 14, 1.0059, 0.94701, 0.929785, 0.310641, 0.0189121, 2.034, 0.0376586, 60
"16-Jan-24 06:35:44 PM", ieee123, SOLVED, Daily, 14,    1.000, 222, 129, 129, 2, STATIC, 1, 2, 0, 14, 1.0059, 0.94701, 0.929785, 0.310641, 0.0189121, 2.034, 0.0376586, 60
"16-Jan-24 06:35:58 PM", ieee123, SOLVED, Daily, 14,    1.000, 222, 129, 129, 2, STATIC, 1, 2, 0, 14, 1.0059, 0.94701, 0.929785, 0.310641, 0.0189121, 2.034, 0.0376586, 60
