DateTime, CaseName, Status, Mode, Number, LoadMult, NumDevices, NumBuses, NumNodes, Iterations, ControlMode, ControlIterations, MostIterationsDone, Year, Hour, MaxPuVoltage, MinPuVoltage, TotalMW, TotalMvar, MWLosses, pctLosses, MvarLosses, Frequency
"16-Jan-24 06:35:20 PM", ieee123, SOLVED, Daily, 1,    1.000, 222, 129, 129, 3, STATIC, 1, 3, 0, 1, 1.0111, 0.95545, 0.777446, 0.214396, 0.013158, 1.692, 0.0260997, 60
"16-Jan-24 06:35:26 PM", ieee123, SOLVED, Daily, 1,    1.000, 222, 129, 129, 3, STATIC, 1, 3, 0, 1, 1.0111, 0.95545, 0.777446, 0.214396, 0.013158, 1.692, 0.0260997, 60
"16-Jan-24 06:35:35 PM", ieee123, SOLVED, Daily, 1,    1.000, 222, 129, 129, 3, STATIC, 1, 3, 0, 1, 1.0111, 0.95545, 0.777446, 0.214396, 0.013158, 1.692, 0.0260997, 60
"16-Jan-24 06:35:44 PM", ieee123, SOLVED, Daily, 1,    1.000, 222, 129, 129, 3, STATIC, 1, 3, 0, 1, 1.0111, 0.95545, 0.777446, 0.214396, 0.013158, 1.692, 0.0260997, 60
"16-Jan-24 06:35:58 PM", ieee123, SOLVED, Daily, 1,    1.000, 222, 129, 129, 3, STATIC, 1, 3, 0, 1, 1.0111, 0.95545, 0.777446, 0.214396, 0.013158, 1.692, 0.0260997, 60
