DateTime, CaseName, Status, Mode, Number, LoadMult, NumDevices, NumBuses, NumNodes, Iterations, ControlMode, ControlIterations, MostIterationsDone, Year, Hour, MaxPuVoltage, MinPuVoltage, TotalMW, TotalMvar, MWLosses, pctLosses, MvarLosses, Frequency
"16-Jan-24 06:35:21 PM", ieee123, SOLVED, Daily, 9,    1.000, 222, 129, 129, 3, STATIC, 1, 3, 0, 9, 1.0072, 0.94924, 0.889743, 0.285159, 0.0172749, 1.942, 0.0343691, 60
"16-Jan-24 06:35:27 PM", ieee123, SOLVED, Daily, 9,    1.000, 222, 129, 129, 3, STATIC, 1, 3, 0, 9, 1.0072, 0.94924, 0.889743, 0.285159, 0.0172749, 1.942, 0.0343691, 60
"16-Jan-24 06:35:35 PM", ieee123, SOLVED, Daily, 9,    1.000, 222, 129, 129, 3, STATIC, 1, 3, 0, 9, 1.0072, 0.94924, 0.889743, 0.285159, 0.0172749, 1.942, 0.0343691, 60
"16-Jan-24 06:35:44 PM", ieee123, SOLVED, Daily, 9,    1.000, 222, 129, 129, 3, STATIC, 1, 3, 0, 9, 1.0072, 0.94924, 0.889743, 0.285159, 0.0172749, 1.942, 0.0343691, 60
"16-Jan-24 06:35:58 PM", ieee123, SOLVED, Daily, 9,    1.000, 222, 129, 129, 3, STATIC, 1, 3, 0, 9, 1.0072, 0.94924, 0.889743, 0.285159, 0.0172749, 1.942, 0.0343691, 60
