DateTime, CaseName, Status, Mode, Number, LoadMult, NumDevices, NumBuses, NumNodes, Iterations, ControlMode, ControlIterations, MostIterationsDone, Year, Hour, MaxPuVoltage, MinPuVoltage, TotalMW, TotalMvar, MWLosses, pctLosses, MvarLosses, Frequency
"16-Jan-24 06:35:21 PM", ieee123, SOLVED, Daily, 12,    1.000, 222, 129, 129, 2, STATIC, 1, 2, 0, 12, 1.0055, 0.94614, 0.945524, 0.320687, 0.0195799, 2.071, 0.0390005, 60
"16-Jan-24 06:35:27 PM", ieee123, SOLVED, Daily, 12,    1.000, 222, 129, 129, 2, STATIC, 1, 2, 0, 12, 1.0055, 0.94614, 0.945524, 0.320687, 0.0195799, 2.071, 0.0390005, 60
"16-Jan-24 06:35:35 PM", ieee123, SOLVED, Daily, 12,    1.000, 222, 129, 129, 2, STATIC, 1, 2, 0, 12, 1.0055, 0.94614, 0.945524, 0.320687, 0.0195799, 2.071, 0.0390005, 60
"16-Jan-24 06:35:44 PM", ieee123, SOLVED, Daily, 12,    1.000, 222, 129, 129, 2, STATIC, 1, 2, 0, 12, 1.0055, 0.94614, 0.945524, 0.320687, 0.0195799, 2.071, 0.0390005, 60
"16-Jan-24 06:35:58 PM", ieee123, SOLVED, Daily, 12,    1.000, 222, 129, 129, 2, STATIC, 1, 2, 0, 12, 1.0055, 0.94614, 0.945524, 0.320687, 0.0195799, 2.071, 0.0390005, 60
