DateTime, CaseName, Status, Mode, Number, LoadMult, NumDevices, NumBuses, NumNodes, Iterations, ControlMode, ControlIterations, MostIterationsDone, Year, Hour, MaxPuVoltage, MinPuVoltage, TotalMW, TotalMvar, MWLosses, pctLosses, MvarLosses, Frequency
"16-Jan-24 06:35:20 PM", ieee123, SOLVED, Daily, 6,    1.000, 222, 129, 129, 3, STATIC, 1, 3, 0, 6, 1.0116, 0.95631, 0.761806, 0.204621, 0.0126397, 1.659, 0.025059, 60
"16-Jan-24 06:35:27 PM", ieee123, SOLVED, Daily, 6,    1.000, 222, 129, 129, 3, STATIC, 1, 3, 0, 6, 1.0116, 0.95631, 0.761806, 0.204621, 0.0126397, 1.659, 0.025059, 60
"16-Jan-24 06:35:35 PM", ieee123, SOLVED, Daily, 6,    1.000, 222, 129, 129, 3, STATIC, 1, 3, 0, 6, 1.0116, 0.95631, 0.761806, 0.204621, 0.0126397, 1.659, 0.025059, 60
"16-Jan-24 06:35:44 PM", ieee123, SOLVED, Daily, 6,    1.000, 222, 129, 129, 3, STATIC, 1, 3, 0, 6, 1.0116, 0.95631, 0.761806, 0.204621, 0.0126397, 1.659, 0.025059, 60
"16-Jan-24 06:35:58 PM", ieee123, SOLVED, Daily, 6,    1.000, 222, 129, 129, 3, STATIC, 1, 3, 0, 6, 1.0116, 0.95631, 0.761806, 0.204621, 0.0126397, 1.659, 0.025059, 60
