DateTime, CaseName, Status, Mode, Number, LoadMult, NumDevices, NumBuses, NumNodes, Iterations, ControlMode, ControlIterations, MostIterationsDone, Year, Hour, MaxPuVoltage, MinPuVoltage, TotalMW, TotalMvar, MWLosses, pctLosses, MvarLosses, Frequency
"16-Jan-24 06:35:21 PM", ieee123, SOLVED, Daily, 10,    1.000, 222, 129, 129, 3, STATIC, 1, 3, 0, 10, 1.0061, 0.94742, 0.922493, 0.305990, 0.0186072, 2.017, 0.0370461, 60
"16-Jan-24 06:35:27 PM", ieee123, SOLVED, Daily, 10,    1.000, 222, 129, 129, 3, STATIC, 1, 3, 0, 10, 1.0061, 0.94742, 0.922493, 0.305990, 0.0186072, 2.017, 0.0370461, 60
"16-Jan-24 06:35:35 PM", ieee123, SOLVED, Daily, 10,    1.000, 222, 129, 129, 3, STATIC, 1, 3, 0, 10, 1.0061, 0.94742, 0.922493, 0.305990, 0.0186072, 2.017, 0.0370461, 60
"16-Jan-24 06:35:44 PM", ieee123, SOLVED, Daily, 10,    1.000, 222, 129, 129, 3, STATIC, 1, 3, 0, 10, 1.0061, 0.94742, 0.922493, 0.305990, 0.0186072, 2.017, 0.0370461, 60
"16-Jan-24 06:35:58 PM", ieee123, SOLVED, Daily, 10,    1.000, 222, 129, 129, 3, STATIC, 1, 3, 0, 10, 1.0061, 0.94742, 0.922493, 0.305990, 0.0186072, 2.017, 0.0370461, 60
