DateTime, CaseName, Status, Mode, Number, LoadMult, NumDevices, NumBuses, NumNodes, Iterations, ControlMode, ControlIterations, MostIterationsDone, Year, Hour, MaxPuVoltage, MinPuVoltage, TotalMW, TotalMvar, MWLosses, pctLosses, MvarLosses, Frequency
"16-Jan-24 06:35:20 PM", ieee123, SOLVED, Daily, 2,    1.000, 222, 129, 129, 3, STATIC, 1, 3, 0, 2, 1.0127, 0.95802, 0.730589, 0.185170, 0.0116452, 1.594, 0.0230623, 60
"16-Jan-24 06:35:27 PM", ieee123, SOLVED, Daily, 2,    1.000, 222, 129, 129, 3, STATIC, 1, 3, 0, 2, 1.0127, 0.95802, 0.730589, 0.185170, 0.0116452, 1.594, 0.0230623, 60
"16-Jan-24 06:35:35 PM", ieee123, SOLVED, Daily, 2,    1.000, 222, 129, 129, 3, STATIC, 1, 3, 0, 2, 1.0127, 0.95802, 0.730589, 0.185170, 0.0116452, 1.594, 0.0230623, 60
"16-Jan-24 06:35:44 PM", ieee123, SOLVED, Daily, 2,    1.000, 222, 129, 129, 3, STATIC, 1, 3, 0, 2, 1.0127, 0.95802, 0.730589, 0.185170, 0.0116452, 1.594, 0.0230623, 60
"16-Jan-24 06:35:58 PM", ieee123, SOLVED, Daily, 2,    1.000, 222, 129, 129, 3, STATIC, 1, 3, 0, 2, 1.0127, 0.95802, 0.730589, 0.185170, 0.0116452, 1.594, 0.0230623, 60
