DateTime, CaseName, Status, Mode, Number, LoadMult, NumDevices, NumBuses, NumNodes, Iterations, ControlMode, ControlIterations, MostIterationsDone, Year, Hour, MaxPuVoltage, MinPuVoltage, TotalMW, TotalMvar, MWLosses, pctLosses, MvarLosses, Frequency
"16-Jan-24 06:35:20 PM", ieee123, SOLVED, Daily, 5,    1.000, 222, 129, 129, 2, STATIC, 1, 2, 0, 5, 1.0129, 0.95836, 0.724502, 0.181386, 0.0114572, 1.581, 0.022685, 60
"16-Jan-24 06:35:27 PM", ieee123, SOLVED, Daily, 5,    1.000, 222, 129, 129, 2, STATIC, 1, 2, 0, 5, 1.0129, 0.95836, 0.724502, 0.181386, 0.0114572, 1.581, 0.022685, 60
"16-Jan-24 06:35:35 PM", ieee123, SOLVED, Daily, 5,    1.000, 222, 129, 129, 2, STATIC, 1, 2, 0, 5, 1.0129, 0.95836, 0.724502, 0.181386, 0.0114572, 1.581, 0.022685, 60
"16-Jan-24 06:35:44 PM", ieee123, SOLVED, Daily, 5,    1.000, 222, 129, 129, 2, STATIC, 1, 2, 0, 5, 1.0129, 0.95836, 0.724502, 0.181386, 0.0114572, 1.581, 0.022685, 60
"16-Jan-24 06:35:58 PM", ieee123, SOLVED, Daily, 5,    1.000, 222, 129, 129, 2, STATIC, 1, 2, 0, 5, 1.0129, 0.95836, 0.724502, 0.181386, 0.0114572, 1.581, 0.022685, 60
