DateTime, CaseName, Status, Mode, Number, LoadMult, NumDevices, NumBuses, NumNodes, Iterations, ControlMode, ControlIterations, MostIterationsDone, Year, Hour, MaxPuVoltage, MinPuVoltage, TotalMW, TotalMvar, MWLosses, pctLosses, MvarLosses, Frequency
"16-Jan-24 06:35:20 PM", ieee123, SOLVED, Daily, 3,    1.000, 222, 129, 129, 3, STATIC, 1, 3, 0, 3, 1.0137, 0.95973, 0.699397, 0.165812, 0.0107045, 1.531, 0.0211738, 60
"16-Jan-24 06:35:27 PM", ieee123, SOLVED, Daily, 3,    1.000, 222, 129, 129, 3, STATIC, 1, 3, 0, 3, 1.0137, 0.95973, 0.699397, 0.165812, 0.0107045, 1.531, 0.0211738, 60
"16-Jan-24 06:35:35 PM", ieee123, SOLVED, Daily, 3,    1.000, 222, 129, 129, 3, STATIC, 1, 3, 0, 3, 1.0137, 0.95973, 0.699397, 0.165812, 0.0107045, 1.531, 0.0211738, 60
"16-Jan-24 06:35:44 PM", ieee123, SOLVED, Daily, 3,    1.000, 222, 129, 129, 3, STATIC, 1, 3, 0, 3, 1.0137, 0.95973, 0.699397, 0.165812, 0.0107045, 1.531, 0.0211738, 60
"16-Jan-24 06:35:58 PM", ieee123, SOLVED, Daily, 3,    1.000, 222, 129, 129, 3, STATIC, 1, 3, 0, 3, 1.0137, 0.95973, 0.699397, 0.165812, 0.0107045, 1.531, 0.0211738, 60
