DateTime, CaseName, Status, Mode, Number, LoadMult, NumDevices, NumBuses, NumNodes, Iterations, ControlMode, ControlIterations, MostIterationsDone, Year, Hour, MaxPuVoltage, MinPuVoltage, TotalMW, TotalMvar, MWLosses, pctLosses, MvarLosses, Frequency
"16-Jan-24 06:35:21 PM", ieee123, SOLVED, Daily, 13,    1.000, 222, 129, 129, 2, STATIC, 1, 2, 0, 13, 1.0059, 0.94707, 0.928668, 0.309939, 0.0188657, 2.031, 0.0375653, 60
"16-Jan-24 06:35:27 PM", ieee123, SOLVED, Daily, 13,    1.000, 222, 129, 129, 2, STATIC, 1, 2, 0, 13, 1.0059, 0.94707, 0.928668, 0.309939, 0.0188657, 2.031, 0.0375653, 60
"16-Jan-24 06:35:35 PM", ieee123, SOLVED, Daily, 13,    1.000, 222, 129, 129, 2, STATIC, 1, 2, 0, 13, 1.0059, 0.94707, 0.928668, 0.309939, 0.0188657, 2.031, 0.0375653, 60
"16-Jan-24 06:35:44 PM", ieee123, SOLVED, Daily, 13,    1.000, 222, 129, 129, 2, STATIC, 1, 2, 0, 13, 1.0059, 0.94707, 0.928668, 0.309939, 0.0188657, 2.031, 0.0375653, 60
"16-Jan-24 06:35:58 PM", ieee123, SOLVED, Daily, 13,    1.000, 222, 129, 129, 2, STATIC, 1, 2, 0, 13, 1.0059, 0.94707, 0.928668, 0.309939, 0.0188657, 2.031, 0.0375653, 60
